Country,Continent,ISO_Code,Level,GDLCODE,Region,"1990","1991","1992","1993","1994","1995","1996","1997","1998","1999","2000","2001","2002","2003","2004","2005","2006","2007","2008","2009","2010","2011","2012","2013","2014","2015","2016","2017","2018","2019","2020","2021"
"Afghanistan","Asia/Pacific","AFG","National","AFGt","Total",0.971,1.019,1.068,1.116,1.164,1.212,1.251,1.290,1.330,1.369,1.408,1.465,1.523,1.580,1.637,1.695,1.777,1.859,1.941,2.023,2.105,2.157,2.209,2.262,2.314,2.366,2.464,2.561,2.659,2.757,2.855,2.985
"Albania","Europe","ALB","National","ALBt","Total",7.355,7.353,7.351,7.349,7.347,7.345,7.627,7.909,8.191,8.472,8.754,8.824,8.888,8.953,9.018,9.083,9.147,9.212,9.277,9.452,9.627,9.802,10.03,10.20,10.37,10.55,10.73,10.91,11.10,11.29,11.29,11.29
"Algeria","Africa","DZA","National","DZAt","Total",4.615,4.830,5.046,5.262,5.477,5.693,5.876,6.059,6.242,6.425,6.608,6.695,6.783,6.870,6.957,7.045,7.269,7.328,7.386,7.446,7.506,7.567,7.628,7.689,7.751,7.814,7.877,7.941,8.005,8.069,8.069,8.069
"Andorra","Europe","AND","National","ANDt","Total",,,,,,,,,,,9.806,9.892,9.978,10.07,10.70,10.09,10.41,10.44,10.47,10.50,10.53,10.56,10.59,10.62,10.65,10.57,10.56,10.56,10.56,10.56,10.56,10.56
"Angola","Africa","AGO","National","AGOt","Total",,,,,,,,,,3.394,3.425,3.464,3.504,3.545,3.585,3.626,3.666,3.707,3.748,3.788,3.829,3.869,3.910,3.950,3.991,4.704,5.417,5.417,5.417,5.417,5.417,5.417
"Antigua and Barbuda","America","ATG","National","ATGt","Total",,,,,,,,,,,,,,,,9.118,9.170,9.221,9.273,9.325,9.236,8.990,9.035,9.080,9.126,9.171,9.217,9.263,9.294,9.294,9.294,9.294
"Argentina urban","America","ARG","National","ARGt","Total",8.126,8.193,8.260,8.328,8.395,8.463,8.530,8.597,8.665,8.732,8.800,8.867,9.391,9.915,10.01,10.10,10.19,10.30,10.41,10.54,10.60,10.70,10.79,10.90,10.91,10.92,10.93,11.02,11.11,11.15,11.15,11.15
"Armenia","Europe","ARM","National","ARMt","Total",9.782,9.852,9.921,9.991,10.06,10.13,10.20,10.28,10.35,10.42,10.49,10.49,10.56,10.63,10.70,10.77,10.84,10.91,10.98,11.05,11.12,11.20,11.29,11.38,11.48,11.57,11.38,11.19,11.24,11.28,11.33,11.33
"Australia","Asia/Pacific","AUS","National","AUSt","Total",11.23,11.25,11.27,11.29,11.32,11.34,11.33,11.32,11.31,11.30,11.29,11.34,11.40,11.46,11.51,11.55,11.65,11.71,11.94,11.99,12.03,12.12,12.30,12.02,12.17,12.25,12.35,12.42,12.55,12.66,12.73,12.73
"Austria","Europe","AUT","National","AUTt","Total",10.20,10.29,10.38,10.47,10.56,10.65,10.74,10.83,10.93,11.02,11.11,11.20,11.29,11.38,11.47,11.56,11.55,11.53,11.47,11.67,11.72,11.71,11.75,11.79,12.01,12.08,12.12,12.16,12.21,12.26,12.26,12.26
"Azerbaijan","Europe","AZE","National","AZEt","Total",,,,,,9.921,9.986,10.05,10.12,10.18,10.25,10.32,10.38,10.45,10.52,10.58,10.65,10.72,10.73,10.45,10.47,10.47,10.47,10.48,10.48,10.48,10.56,10.55,10.54,10.54,10.54,10.54
"Bahamas","America","BHS","National","BHSt","Total",,,,,,,,,,,11.04,11.12,11.20,11.29,11.37,11.45,11.53,11.62,11.70,11.78,11.86,11.95,12.03,12.12,12.20,12.29,12.38,12.46,12.55,12.64,12.64,12.64
"Bahrain","Asia/Pacific","BHR","National","BHRt","Total",5.108,5.388,5.682,5.977,6.272,6.567,6.862,7.156,7.451,7.746,8.041,8.335,8.302,8.268,8.234,8.201,8.167,8.133,8.100,8.066,8.032,8.247,8.462,8.677,8.892,9.107,9.322,9.586,10.55,10.80,11.05,11.05
"Bangladesh","Asia/Pacific","BGD","National","BGDt","Total",3.295,3.399,3.504,3.608,3.712,3.817,3.910,4.002,4.095,4.188,4.281,4.397,4.477,4.557,4.637,4.718,4.798,4.878,4.958,5.038,5.119,5.199,5.302,5.065,5.194,5.986,6.114,6.270,6.386,6.550,7.379,7.379
"Barbados","America","BRB","National","BRBt","Total",8.369,8.500,8.630,8.761,8.891,9.022,9.016,9.010,9.003,8.997,8.991,9.097,9.202,9.308,9.414,9.519,9.546,9.573,9.600,9.627,9.654,9.662,9.670,9.679,9.687,9.695,9.735,9.774,9.813,9.853,9.853,9.853
"Belarus","Europe","BLR","National","BLRt","Total",,,,,,9.957,10.04,10.12,10.21,10.30,10.38,10.47,10.56,10.64,10.73,10.82,10.91,11.01,11.10,11.19,11.29,11.38,11.48,11.57,11.67,11.76,11.86,11.95,12.05,12.14,12.14,12.14
"Belgium","Europe","BEL","National","BELt","Total",9.407,9.547,9.688,9.829,9.969,10.11,10.20,10.28,10.37,10.46,10.54,10.64,10.74,10.84,10.93,11.03,11.05,11.12,11.18,11.32,11.42,11.47,11.50,11.54,11.64,11.89,11.99,12.24,12.31,12.38,12.38,12.38
"Belize","America","BLZ","National","BLZt","Total",5.451,5.618,5.790,5.963,6.135,6.307,6.479,6.651,6.823,6.995,7.168,7.340,7.512,7.684,7.856,8.028,8.520,9.011,9.503,9.995,10.49,10.32,10.16,9.995,9.831,9.667,9.503,9.339,9.175,9.011,8.848,8.848
"Benin","Africa","BEN","National","BENt","Total",1.459,1.535,1.615,1.699,1.784,1.868,1.952,2.037,2.121,2.205,2.290,2.374,2.459,2.520,2.582,2.644,2.715,2.786,2.857,2.927,2.998,3.142,3.285,3.429,3.572,3.716,3.863,4.010,4.158,4.305,4.305,4.305
"Bhutan","Asia/Pacific","BTN","National","BTNt","Total",,,,,,,,,,,,,,,,,,,,,2.306,2.262,2.218,2.586,2.954,3.322,3.690,4.058,4.581,5.170,5.170,5.170
"Bolivia","America","BOL","National","BOLt","Total",5.994,6.101,6.211,6.322,6.434,6.545,6.657,6.768,6.880,6.991,7.103,7.214,7.152,7.091,7.029,6.967,6.905,7.052,7.200,7.482,7.712,7.943,8.174,8.426,8.677,8.929,9.163,9.397,9.630,9.864,9.828,9.828
"Bosnia and Herzegovina","Europe","BIH","National","BIHt","Total",,,,,,,,,,,6.175,6.185,6.194,6.203,6.212,6.221,6.230,6.450,6.671,6.891,7.111,7.238,7.890,8.542,9.194,9.292,9.693,9.753,9.812,10.17,10.54,10.54
"Botswana","Africa","BWA","National","BWAt","Total",5.520,5.758,5.996,6.234,6.472,6.710,6.890,7.070,7.250,7.430,7.610,7.744,7.878,8.012,8.146,8.280,8.398,8.516,8.634,8.752,8.870,9.100,9.330,9.560,9.790,10.02,10.10,10.18,10.26,10.34,10.34,10.34
"Brazil","America","BRA","National","BRAt","Total",3.685,3.831,3.977,4.123,4.269,4.415,4.587,4.758,4.930,5.101,5.273,5.450,5.627,5.804,5.981,6.150,6.320,6.502,6.671,6.769,6.878,7.006,7.216,7.287,7.379,7.507,7.731,7.852,7.982,8.129,8.129,8.129
"Brunei Darussalam","Asia/Pacific","BRN","National","BRNt","Total",7.510,7.620,7.730,7.840,7.950,8.060,8.106,8.152,8.198,8.244,8.290,8.328,8.366,8.404,8.442,8.480,8.538,8.596,8.654,8.712,8.770,8.820,8.870,8.920,8.970,9.020,9.060,9.100,9.140,9.180,9.180,9.180
"Bulgaria","Europe","BGR","National","BGRt","Total",6.815,7.088,7.373,7.669,7.965,8.261,8.557,8.853,9.149,9.445,9.741,10.04,10.11,10.19,10.27,10.34,10.42,10.54,10.59,10.64,10.72,10.78,10.90,11.01,11.05,11.19,11.23,11.24,11.30,11.36,11.41,11.41
"Burkina Faso","Africa","BFA","National","BFAt","Total",,,,,,,,,,,1.286,1.292,1.297,1.303,1.308,1.313,1.319,0.559,0.663,0.767,0.871,0.975,1.079,1.182,1.286,1.445,1.603,1.761,1.920,2.115,2.115,2.115
"Burundi","Africa","BDI","National","BDIt","Total",1.461,1.514,1.568,1.622,1.675,1.729,1.783,1.836,1.890,1.944,1.997,2.051,2.105,2.158,2.212,2.266,2.319,2.373,2.427,2.360,2.293,2.226,2.159,2.092,2.025,2.285,2.545,2.805,2.963,3.129,3.129,3.129
"Cambodia","Asia/Pacific","KHM","National","KHMt","Total",2.690,2.742,2.794,2.846,2.898,2.950,3.004,3.058,3.112,3.166,3.220,3.280,3.340,3.400,3.460,3.520,3.636,3.752,3.868,3.984,4.100,4.200,4.300,4.400,4.500,4.600,4.722,4.844,4.966,5.088,5.088,5.088
"Cameroon","Africa","CMR","National","CMRt","Total",3.029,3.148,3.267,3.386,3.504,3.623,3.744,3.864,3.984,4.105,4.225,4.335,4.445,4.555,4.665,4.775,4.861,4.947,5.032,5.118,5.203,5.348,5.493,5.638,5.783,5.928,5.984,6.040,6.095,6.151,6.151,6.151
"Canada","America","CAN","National","CANt","Total",10.75,10.92,11.10,11.27,11.44,11.62,11.79,11.96,12.14,12.31,12.48,12.66,12.79,12.92,13.05,13.19,13.32,13.37,13.42,13.47,13.51,13.56,13.60,13.63,13.66,13.70,13.73,13.77,13.80,13.83,13.83,13.83
"Cape Verde","Africa","CPV","National","CPVt","Total",,,,,,,,,,,3.504,3.666,3.828,3.990,4.152,4.314,4.476,4.638,4.800,4.962,5.124,5.286,5.448,5.611,5.773,5.859,5.973,6.076,6.181,6.288,6.288,6.288
"Central African Republic CAR","Africa","CAF","National","CAFt","Total",2.060,2.134,2.208,2.282,2.356,2.430,2.516,2.602,2.688,2.774,2.860,2.940,3.020,3.100,3.180,3.260,3.322,3.384,3.446,3.508,3.570,3.702,3.834,3.966,4.098,4.230,4.256,4.282,4.308,4.334,4.334,4.334
"Chad","Africa","TCD","National","TCDt","Total",,,,,,,,,,,1.283,1.333,1.383,1.433,1.484,1.540,1.596,1.652,1.709,1.765,1.840,1.916,1.991,2.066,2.142,2.217,2.301,2.389,2.480,2.574,2.574,2.574
"Chili","America","CHL","National","CHLt","Total",8.387,8.467,8.546,8.626,8.705,8.785,8.858,8.931,9.004,9.077,9.151,9.289,9.427,9.565,9.703,9.737,9.771,9.805,10.11,9.979,9.852,9.544,9.777,10.01,10.13,10.26,10.42,10.59,10.76,10.94,10.94,10.94
"China","Asia/Pacific","CHN","National","CHNt","Total",4.144,4.322,4.501,4.679,4.858,5.036,5.215,5.393,5.572,5.750,5.929,6.008,6.088,6.168,6.248,6.328,6.407,6.487,6.567,6.647,6.726,6.821,6.916,7.011,7.105,7.200,7.300,7.400,7.500,7.600,7.600,7.600
"Colombia","America","COL","National","COLt","Total",6.341,6.392,6.444,6.496,6.548,6.601,6.653,6.706,6.758,6.810,6.863,6.915,6.968,7.020,7.073,7.284,6.803,7.189,7.321,7.247,7.394,7.519,7.626,7.833,7.992,8.047,8.222,8.363,8.504,8.643,8.863,8.863
"Comoros","Africa","COM","National","COMt","Total",,,,,,,,,,,2.762,2.762,2.790,2.818,2.846,3.065,3.285,3.504,3.724,3.943,4.163,4.382,4.602,4.661,4.722,4.783,4.846,4.909,4.994,5.079,5.079,5.079
"Congo Brazzaville","Africa","COG","National","COGt","Total",4.390,4.524,4.658,4.792,4.926,5.060,5.136,5.212,5.288,5.364,5.440,5.476,5.512,5.548,5.584,5.620,5.630,5.640,5.650,5.660,5.670,5.758,5.846,5.934,6.022,6.110,6.124,6.138,6.152,6.166,6.166,6.166
"Congo Democratic Republic","Africa","COD","National","CODt","Total",3.984,4.053,4.124,4.196,4.269,4.343,4.418,4.495,4.574,4.653,4.734,4.816,4.903,4.990,5.077,5.163,5.250,5.337,5.424,5.510,5.597,5.718,5.840,5.961,6.227,6.493,6.759,6.889,7.019,7.019,7.019,7.019
"Costa Rica","America","CRI","National","CRIt","Total",6.246,6.207,6.490,6.717,6.733,6.963,6.941,7.115,7.322,7.305,7.142,7.332,7.486,7.633,7.667,7.825,7.837,8.013,8.288,8.360,8.231,8.351,8.412,8.581,8.750,8.585,8.564,8.644,8.723,8.764,8.804,8.804
"Cote d'Ivoire","Africa","CIV","National","CIVt","Total",4.586,4.793,4.999,5.206,5.413,5.620,5.957,6.294,6.631,6.509,6.387,6.265,6.143,6.021,5.899,5.777,5.655,5.532,5.410,5.288,5.166,5.044,4.922,4.800,4.678,4.828,4.921,5.014,5.106,5.199,5.199,5.199
"Croatia","Europe","HRV","National","HRVt","Total",6.570,6.863,7.169,7.476,7.782,8.089,8.395,8.702,9.008,9.314,9.621,9.927,10.05,10.17,10.29,10.41,10.54,10.66,10.78,10.90,11.02,11.14,11.27,11.40,11.53,11.66,11.79,11.92,12.06,12.19,12.19,12.19
"Cuba","America","CUB","National","CUBt","Total",8.795,8.942,9.090,9.238,9.385,9.533,9.626,9.719,9.813,9.906,9.999,10.09,10.17,10.30,10.44,10.57,10.70,10.84,10.97,11.10,11.23,11.37,11.50,11.64,11.78,11.92,12.06,12.20,12.35,12.50,12.50,12.50
"Cyprus","Europe","CYP","National","CYPt","Total",8.298,8.455,8.614,8.776,8.938,9.100,9.262,9.424,9.586,9.748,9.910,10.07,10.23,10.40,10.56,10.72,10.97,11.19,11.28,11.26,11.44,11.58,11.81,11.88,11.88,11.87,12.09,12.19,12.28,12.36,12.44,12.44
"Czech Republic","Europe","CZE","National","CZEt","Total",9.103,9.288,9.477,9.666,9.855,10.04,10.23,10.42,10.61,10.80,10.99,11.18,11.37,11.56,11.75,11.93,12.12,12.14,12.19,12.30,12.39,12.47,12.52,12.60,12.64,12.67,12.74,12.79,12.83,12.87,12.87,12.87
"Denmark","Europe","DNK","National","DNKt","Total",11.48,11.50,11.52,11.54,11.56,11.65,11.81,11.98,12.14,12.31,12.47,12.64,12.80,12.97,12.92,12.83,12.74,12.65,12.88,12.47,12.43,12.47,12.70,12.75,12.39,12.64,13.16,13.01,12.86,12.91,12.96,12.96
"Djibouti","Africa","DJI","National","DJIt","Total",,,,,,2.825,2.825,2.926,3.028,3.130,3.232,3.334,3.436,3.537,3.639,3.741,3.843,3.875,3.908,3.940,3.973,4.005,4.038,4.046,4.054,4.062,4.070,4.070,4.000,4.100,4.100,4.100
"Dominica","America","DMA","National","DMAt","Total",,,,,,,,,,,7.775,7.750,7.782,7.789,7.796,7.803,7.810,7.817,7.824,7.831,7.838,7.845,7.852,7.894,7.935,7.977,8.018,8.059,8.101,8.142,8.142,8.142
"Dominican Republic","America","DOM","National","DOMt","Total",5.266,5.397,5.529,5.660,5.791,5.922,6.031,6.139,6.248,6.356,6.465,6.543,6.621,6.699,6.776,6.854,7.012,7.170,7.193,7.216,7.240,7.331,7.429,7.517,7.650,7.718,9.044,8.936,9.106,9.307,9.307,9.307
"Ecuador","America","ECU","National","ECUt","Total",6.752,6.808,6.865,6.922,6.979,7.036,7.093,7.150,7.206,7.263,7.320,7.377,7.434,7.491,7.548,7.604,7.661,7.718,7.726,7.740,7.849,7.907,8.097,8.289,8.361,8.702,8.693,8.766,8.783,8.800,8.817,8.817
"Egypt","Africa","EGY","National","EGYt","Total",5.306,5.469,5.632,5.795,5.959,6.122,6.334,6.342,6.350,6.359,6.367,6.375,6.384,6.392,6.401,6.409,6.417,6.656,6.895,7.134,7.373,7.612,7.851,8.090,8.329,8.568,8.807,9.046,9.306,9.573,9.573,9.573
"El Salvador","America","SLV","National","SLVt","Total",3.729,3.847,3.969,4.095,4.220,4.346,4.471,4.597,4.722,4.848,4.974,5.099,5.225,5.350,5.476,5.601,5.727,5.527,6.030,6.130,6.340,6.209,6.366,6.434,6.529,6.623,6.718,6.825,6.969,7.112,7.151,7.151
"Equatorial Guinea","Africa","GNQ","National","GNQt","Total",,,,,,,,,,,5.364,5.364,5.376,5.387,5.399,5.411,5.422,5.434,5.446,5.457,5.469,5.480,5.492,5.504,5.516,5.527,5.539,5.551,5.551,5.911,5.911,5.911
"Eritrea","Africa","ERI","National","ERIt","Total",,,,,,,,,,,,,,,,3.685,3.864,4.043,4.222,4.288,4.355,4.421,4.488,4.554,4.621,4.688,4.754,4.821,4.887,4.887,4.887,4.887
"Estonia","Europe","EST","National","ESTt","Total",9.656,9.900,10.15,10.39,10.64,10.88,11.14,11.40,11.66,11.92,12.18,12.35,12.52,12.69,12.86,13.03,13.20,13.22,13.25,13.32,13.33,13.40,13.45,13.54,13.44,13.49,13.51,13.56,13.66,13.60,13.55,13.55
"Eswatini","Africa","SWZ","National","SWZt","Total",4.350,4.328,4.306,4.284,4.262,4.240,4.164,4.088,4.012,3.936,3.860,3.714,3.568,3.422,3.276,3.130,3.308,3.486,3.664,3.842,4.020,4.228,4.436,4.644,4.852,5.060,5.194,5.328,5.462,5.596,5.596,5.596
"Ethiopia","Africa","ETH","National","ETHt","Total",,,,,,,,,,,1.469,1.537,1.605,1.674,1.742,1.810,1.917,2.023,2.060,2.097,2.135,2.172,2.274,2.376,2.477,2.579,2.681,2.855,3.028,3.202,3.202,3.202
"Fiji","Asia/Pacific","FJI","National","FJIt","Total",6.602,6.826,7.050,7.274,7.498,7.723,7.694,7.835,7.975,8.116,8.257,8.397,8.538,8.679,8.819,8.960,9.101,9.241,9.380,9.519,9.658,9.797,9.936,10.08,10.21,10.35,10.49,10.63,10.78,10.92,10.92,10.92
"Finland","Europe","FIN","National","FINt","Total",9.185,9.408,9.632,9.855,10.08,10.30,10.53,10.75,10.97,11.20,11.42,11.64,11.87,12.09,12.14,12.18,12.23,12.28,12.33,12.37,12.42,12.46,12.49,12.55,12.60,12.63,12.69,12.74,12.81,12.87,12.87,12.87
"France","Europe","FRA","National","FRAt","Total",7.553,7.744,7.936,8.128,8.320,8.512,8.703,8.895,9.087,9.279,9.471,9.662,9.854,10.05,10.24,10.32,10.44,10.57,10.65,10.63,10.78,10.85,10.94,11.08,11.23,11.33,11.35,11.41,11.51,11.61,11.61,11.61
"Gabon","Africa","GAB","National","GABt","Total",4.320,4.500,4.680,4.860,5.040,5.220,5.406,5.592,5.778,5.964,6.150,6.304,6.458,6.612,6.766,6.920,7.050,7.180,7.310,7.440,7.570,7.852,8.134,8.416,8.698,8.980,9.094,9.208,9.322,9.436,9.436,9.436
"Gambia","Africa","GMB","National","GMBt","Total",1.467,1.525,1.585,1.648,1.713,1.780,1.851,1.924,1.999,2.078,2.160,2.245,2.334,2.426,2.522,2.621,2.724,2.832,2.943,3.059,3.180,3.305,3.436,3.571,3.723,3.876,4.028,4.180,4.333,4.485,4.637,4.637
"Georgia","Europe","GEO","National","GEOt","Total",,,,,,,,,,,11.81,11.86,11.92,11.98,12.04,12.09,12.15,12.21,12.27,12.32,12.38,12.44,12.50,12.56,12.62,12.72,12.82,12.87,12.85,12.82,12.82,12.82
"Germany","Europe","DEU","National","DEUt","Total",10.36,10.57,10.78,11.00,11.21,11.42,11.62,11.82,12.02,12.22,12.42,12.77,13.11,13.46,13.80,13.70,13.60,13.68,13.76,13.83,13.85,13.93,13.98,14.01,14.04,14.08,14.13,14.11,14.08,14.09,14.09,14.09
"Ghana","Africa","GHA","National","GHAt","Total",5.506,5.674,5.843,6.011,6.179,6.347,6.453,6.558,6.663,6.769,6.874,6.937,7.000,7.063,7.125,7.188,7.267,7.345,7.424,7.502,7.581,7.621,7.662,7.702,7.742,7.783,7.919,8.056,8.193,8.330,8.330,8.330
"Greece","Europe","GRC","National","GRCt","Total",7.580,7.722,7.867,8.012,8.156,8.301,8.446,8.590,8.735,8.880,9.024,9.169,9.314,9.458,9.603,9.748,10.11,10.06,10.11,10.16,10.21,10.31,10.40,10.50,10.60,10.74,10.25,10.54,10.83,11.12,11.41,11.41
"Grenada","America","GRD","National","GRDt","Total",,,,,,,,,,,,,7.445,7.552,7.659,7.766,7.873,7.980,8.086,8.193,8.300,8.375,8.450,8.525,8.600,8.676,8.676,8.676,8.800,9.032,9.032,9.032
"Guatemala","America","GTM","National","GTMt","Total",3.193,3.268,3.344,3.419,3.494,3.570,3.639,3.708,3.777,3.846,3.915,3.882,3.848,3.799,3.751,3.702,3.653,3.844,4.036,4.227,4.418,4.609,4.801,4.896,5.837,5.806,5.775,5.744,5.712,5.681,5.681,5.681
"Guinea","Africa","GIN","National","GINt","Total",1.313,1.326,1.339,1.352,1.365,1.378,1.391,1.405,1.418,1.432,1.446,1.459,1.473,1.487,1.500,1.514,1.528,1.541,1.555,1.569,1.582,1.655,1.727,1.799,1.872,1.936,2.000,2.065,2.129,2.202,2.202,2.202
"Guinea Bissau","Africa","GNB","National","GNBt","Total",,,,,,,,,,,,,,,,2.205,2.341,2.465,2.589,2.713,2.837,2.961,3.085,3.209,3.333,3.383,3.433,3.483,3.533,3.584,3.584,3.584
"Guyana","America","GUY","National","GUYt","Total",5.273,5.343,5.413,5.484,5.554,5.624,5.702,5.780,5.857,5.935,6.013,6.068,6.122,6.397,6.672,6.947,7.223,7.498,7.773,8.048,8.100,8.151,8.203,8.255,8.307,8.359,8.410,8.462,8.514,8.566,8.617,8.617
"Haiti","America","HTI","National","HTIt","Total",2.690,2.792,2.894,2.996,3.098,3.200,3.310,3.420,3.530,3.640,3.750,3.858,3.966,4.074,4.182,4.290,4.380,4.470,4.560,4.650,4.740,4.842,4.944,5.046,5.148,5.250,5.326,5.402,5.478,5.554,5.554,5.554
"Honduras","America","HND","National","HNDt","Total",3.868,3.947,4.027,4.107,4.187,4.266,4.333,4.400,4.467,4.534,4.601,4.668,4.736,4.803,4.870,4.937,4.946,4.955,5.112,5.268,5.425,5.582,5.518,5.847,6.176,6.294,6.529,6.408,6.288,7.088,7.088,7.088
"Hungary","Europe","HUN","National","HUNt","Total",9.480,9.549,9.618,9.687,9.756,9.825,9.895,9.964,10.03,10.10,10.17,10.24,10.39,10.54,10.68,10.83,11.08,11.32,11.57,11.81,11.88,11.92,11.84,12.01,11.77,11.85,11.89,11.98,12.07,12.16,12.25,12.25
"Iceland","Europe","ISL","National","ISLt","Total",8.700,8.797,8.894,8.990,9.087,9.184,9.291,9.398,9.505,9.612,9.719,9.840,9.961,10.08,10.20,10.33,10.44,10.55,10.67,10.78,10.89,11.35,11.81,12.27,12.73,13.18,13.32,13.46,13.59,13.73,13.77,13.77
"India","Asia/Pacific","IND","National","INDt","Total",2.782,2.885,2.988,3.092,3.195,3.298,3.468,3.637,3.806,3.975,4.144,4.221,4.298,4.375,4.452,4.529,4.637,4.744,4.851,4.958,5.065,5.302,5.539,5.776,6.012,6.249,6.351,6.452,6.554,6.655,6.655,6.655
"Indonesia","Asia/Pacific","IDN","National","IDNt","Total",3.220,3.493,3.766,4.040,4.313,4.587,4.860,5.133,5.407,5.680,5.954,6.227,6.501,6.774,7.047,7.321,7.594,7.022,7.069,7.310,7.412,7.515,7.609,7.703,7.797,7.914,7.976,8.069,8.162,8.359,8.557,8.557
"Iran","Asia/Pacific","IRN","National","IRNt","Total",5.739,6.021,6.304,6.587,6.870,7.153,7.414,7.675,7.936,8.197,8.458,8.679,8.899,9.119,9.339,9.560,9.870,9.631,9.392,9.551,9.711,9.798,9.885,10.04,10.12,10.22,10.31,10.42,10.53,10.64,10.64,10.64
"Iraq","Asia/Pacific","IRQ","National","IRQt","Total",3.500,3.715,3.930,4.145,4.360,4.575,4.766,4.957,5.148,5.339,5.530,5.706,5.881,6.057,6.232,6.408,6.526,6.645,6.763,6.882,7.000,7.257,7.514,7.770,7.793,7.815,7.838,7.860,7.883,7.906,7.906,7.906
"Ireland","Europe","IRL","National","IRLt","Total",7.012,7.244,7.483,7.723,7.963,8.203,8.443,8.682,8.922,9.162,9.402,9.642,9.881,10.12,10.36,10.60,10.84,11.08,11.24,11.41,11.57,11.00,11.07,11.15,11.22,11.29,11.36,11.43,11.51,11.58,11.58,11.58
"Israel","Asia/Pacific","ISR","National","ISRt","Total",9.903,9.970,10.04,10.10,10.17,10.24,10.31,10.38,10.45,10.52,10.59,10.64,10.68,10.73,10.77,11.28,11.78,12.39,12.42,12.46,12.50,12.60,12.69,12.80,12.92,12.96,13.06,13.15,13.25,13.35,13.35,13.35
"Italy","Europe","ITA","National","ITAt","Total",7.439,7.570,7.700,7.831,7.962,8.092,8.225,8.357,8.490,8.623,8.755,8.841,8.949,9.056,9.164,9.272,9.389,9.531,9.650,9.732,9.823,9.898,10.02,10.12,10.22,10.31,10.39,10.48,10.57,10.65,10.74,10.74
"Jamaica","America","JAM","National","JAMt","Total",6.683,6.766,6.850,6.933,7.017,7.101,7.184,7.268,7.352,7.435,7.519,7.603,7.686,7.770,7.854,7.937,8.021,8.105,8.188,8.272,8.356,8.439,8.526,8.613,8.701,8.790,8.880,8.970,9.062,9.155,9.155,9.155
"Japan","Asia/Pacific","JPN","National","JPNt","Total",11.64,11.69,11.73,11.77,11.82,11.86,11.91,11.95,12.00,12.04,12.09,12.13,12.17,12.22,12.26,12.31,12.35,12.40,12.44,12.49,12.53,12.71,12.89,13.06,13.24,13.28,13.30,13.33,13.35,13.37,13.37,13.37
"Jordan","Asia/Pacific","JOR","National","JORt","Total",5.005,5.284,5.562,5.840,6.119,6.397,6.590,6.782,6.975,7.167,7.360,7.507,7.654,7.800,8.145,8.490,8.834,9.179,9.524,9.565,9.606,9.699,9.792,9.885,9.978,10.07,10.17,10.26,10.35,10.40,10.45,10.45
"Kazakhstan","Asia/Pacific","KAZ","National","KAZt","Total",7.395,7.619,7.843,8.067,8.291,8.516,8.738,8.960,9.183,9.405,9.669,9.933,10.20,10.46,10.72,10.99,11.25,11.52,11.27,11.01,11.15,11.28,11.41,11.55,11.68,11.81,11.94,12.08,12.21,12.35,12.35,12.35
"Kenya","Africa","KEN","National","KENt","Total",3.720,3.884,4.048,4.212,4.376,4.540,4.684,4.828,4.972,5.116,5.260,5.372,5.484,5.596,5.708,5.820,5.894,5.968,6.042,6.116,6.190,6.212,6.234,6.256,6.278,6.300,6.388,6.476,6.564,6.652,6.652,6.652
"Kiribati","Asia/Pacific","KIR","National","KIRt","Total",,,,,,,,,,,6.808,6.908,7.010,7.114,7.219,7.325,7.433,7.541,7.649,7.757,7.866,7.866,7.866,7.866,7.866,7.866,7.866,7.866,7.866,7.984,7.984,7.984
"Kosovo","Europe","XKO","National","KSVt","Total",,,,,,,,,,,,,,,,,,,,,10.03,10.21,10.37,10.51,10.68,10.87,11.04,11.19,11.36,11.53,11.58,11.58
"Kuwait","Asia/Pacific","KWT","National","KWTt","Total",5.642,5.679,5.716,5.753,5.789,5.826,5.904,5.982,6.060,6.138,6.215,6.195,6.174,6.154,6.133,6.113,6.136,6.217,6.427,6.638,6.849,7.060,7.271,6.683,6.878,7.073,7.133,7.193,7.216,7.328,7.328,7.328
"Kyrgyzstan","Asia/Pacific","KGZ","National","KGZt","Total",9.171,9.287,9.403,9.518,9.634,9.750,9.885,10.02,10.16,10.29,10.35,10.40,10.46,10.52,10.58,10.63,10.69,10.75,10.81,10.86,11.03,11.10,11.16,11.22,11.29,11.35,11.36,11.36,11.37,11.37,11.37,11.37
"Lao","Asia/Pacific","LAO","National","LAOt","Total",3.090,3.186,3.282,3.378,3.474,3.570,3.636,3.702,3.768,3.834,3.900,3.966,4.032,4.098,4.164,4.230,4.298,4.366,4.434,4.502,4.570,4.662,4.754,4.846,4.938,5.030,5.116,5.202,5.288,5.374,5.374,5.374
"Latvia","Europe","LVA","National","LVAt","Total",9.158,9.480,9.802,10.13,10.45,10.77,10.91,11.05,11.19,11.33,11.47,11.64,11.80,11.97,12.13,12.25,12.30,12.17,12.35,12.46,12.57,12.61,12.70,12.81,12.86,12.87,12.94,13.06,13.18,13.25,13.25,13.25
"Lebanon","Asia/Pacific","LBN","National","LBNt","Total",,,,,,,,,,,,,,,,7.523,7.558,8.061,8.116,8.171,8.226,8.280,8.335,8.390,8.445,8.500,8.554,8.609,8.664,8.719,8.719,8.719
"Lesotho","Africa","LSO","National","LSOt","Total",4.109,4.192,4.275,4.358,4.441,4.524,4.619,4.714,4.809,4.904,5.000,5.208,5.416,5.624,5.832,6.040,5.825,5.681,5.536,5.315,5.094,5.207,5.319,5.431,5.543,5.655,5.744,5.833,5.922,6.010,6.010,6.010
"Liberia","Africa","LBR","National","LBRt","Total",,,,,,,,,,3.388,3.460,3.524,3.588,3.652,3.716,3.780,3.842,3.904,3.966,4.028,4.090,4.178,4.266,4.354,4.442,4.530,4.668,4.806,4.944,5.082,5.082,5.082
"Libya","Africa","LBY","National","LBYt","Total",3.810,3.986,4.162,4.338,4.514,4.690,4.868,5.046,5.224,5.402,5.580,5.752,5.924,6.096,6.268,6.440,6.614,6.788,6.962,7.136,7.310,7.310,7.310,7.310,7.310,7.310,7.310,7.560,7.560,7.600,7.600,7.600
"Liechtenstein","Europe","LIE","National","LIEt","Total",,,,,,,,,,,11.15,11.22,11.29,11.37,11.44,11.51,11.59,11.66,11.73,11.81,11.88,11.95,12.03,12.10,12.17,12.25,12.32,12.39,12.47,12.54,12.54,12.54
"Lithuania","Europe","LTU","National","LTUt","Total",9.164,9.337,9.510,9.683,9.857,10.03,10.21,10.40,10.58,10.77,10.95,11.14,11.32,11.51,11.69,11.87,12.02,12.16,12.30,12.32,12.46,12.57,12.56,12.59,12.80,12.96,13.11,13.19,13.29,13.40,13.50,13.50
"Luxembourg","Europe","LUX","National","LUXt","Total",8.821,8.992,9.166,9.340,9.515,9.689,9.863,10.04,10.21,10.39,10.56,10.74,11.00,11.26,11.35,11.44,11.54,11.63,12.22,12.81,12.84,12.86,13.00,13.21,13.43,12.46,12.84,12.65,12.83,13.02,13.02,13.02
"Madagascar","Africa","MDG","National","MDGt","Total",,,,,,,,,,,3.903,4.035,4.167,4.298,4.430,4.476,4.522,4.568,4.614,4.660,4.706,4.752,4.798,4.844,4.889,4.935,4.981,5.027,5.073,5.120,5.120,5.120
"Malawi","Africa","MWI","National","MWIt","Total",2.277,2.326,2.374,2.422,2.471,2.519,2.582,2.645,2.709,2.772,2.835,2.898,2.962,3.025,3.088,3.151,3.318,3.486,3.653,3.820,3.988,4.014,4.040,4.066,4.092,4.118,4.211,4.304,4.397,4.490,4.490,4.490
"Malaysia","Asia/Pacific","MYS","National","MYSt","Total",6.146,6.340,6.534,6.728,6.921,7.115,7.228,7.525,7.822,8.119,8.416,8.251,8.086,7.921,7.756,7.591,8.084,8.577,9.070,9.563,9.698,9.809,9.921,10.03,10.14,10.26,10.37,10.46,10.55,10.65,10.65,10.65
"Maldives","Asia/Pacific","MDV","National","MDVt","Total",,,,,,3.510,3.418,3.326,3.234,3.142,3.050,3.054,3.058,3.062,3.066,3.070,3.332,3.594,3.856,4.118,4.380,4.834,5.288,5.742,6.196,6.650,6.818,6.986,7.154,7.322,7.322,7.322
"Mali","Africa","MLI","National","MLIt","Total",0.720,0.752,0.784,0.816,0.848,0.880,0.906,0.932,0.958,0.984,1.010,1.040,1.070,1.100,1.130,1.160,1.228,1.296,1.364,1.432,1.500,1.574,1.648,1.722,1.796,1.870,1.980,2.090,2.200,2.310,2.310,2.310
"Mauritania","Africa","MRT","National","MRTt","Total",2.267,2.345,2.422,2.499,2.576,2.654,2.727,2.800,2.873,2.946,3.020,3.097,3.174,3.251,3.329,3.406,3.491,3.577,3.662,3.748,3.833,3.959,4.085,4.211,4.337,4.463,4.577,4.691,4.805,4.919,4.919,4.919
"Mauritius","Africa","MUS","National","MUSt","Total",5.857,5.901,5.945,5.989,6.033,6.077,6.120,6.164,6.208,6.252,6.296,6.498,6.701,6.903,7.105,7.307,7.509,7.711,7.914,8.116,8.318,8.520,8.738,8.962,9.191,9.426,9.667,9.914,10.17,10.43,10.43,10.43
"Mexico","America","MEX","National","MEXt","Total",5.953,6.024,6.095,6.167,6.238,6.309,6.380,6.451,6.522,6.593,6.664,6.820,6.976,7.132,7.288,7.485,7.872,7.882,7.949,8.137,8.005,8.247,8.490,8.357,8.403,8.602,8.600,8.742,8.933,9.077,9.221,9.221
"Micronesia (Federated States of)","Asia/Pacific","FSM","National","FSMt","Total",,,,,,,,,,,4.840,5.075,5.311,5.547,5.783,6.019,6.255,6.491,6.726,6.962,7.198,7.270,7.343,7.416,7.490,7.565,7.641,7.717,7.717,7.805,7.805,7.805
"Moldova","Europe","MDA","National","MDAt","Total",9.124,9.255,9.385,9.516,9.647,9.778,9.877,9.976,10.08,10.18,10.27,10.38,10.48,10.59,10.69,10.79,11.04,11.29,11.38,11.48,11.49,11.56,11.70,11.69,11.76,11.77,11.79,11.82,11.85,11.82,11.82,11.82
"Mongolia","Asia/Pacific","MNG","National","MNGt","Total",8.489,8.516,8.542,8.569,8.595,8.622,8.705,8.789,8.873,8.957,9.041,9.141,9.241,9.341,9.441,9.541,9.641,9.742,9.842,9.942,10.04,9.980,9.918,9.856,9.795,9.733,9.671,9.609,9.547,9.486,9.424,9.424
"Monte Negro","Europe","MNE","National","MNEt","Total",,,,,,,,,,,,,,,,,10.76,10.86,10.97,11.07,11.18,11.28,11.39,11.50,11.61,11.72,11.83,11.95,12.06,12.18,12.18,12.18
"Morocco","Africa","MAR","National","MARt","Total",2.110,2.220,2.330,2.440,2.550,2.660,2.780,2.900,3.020,3.140,3.260,3.366,3.472,3.578,3.684,3.790,3.880,3.970,4.060,4.150,4.240,4.468,4.696,4.924,5.152,5.380,5.514,5.648,5.782,5.916,5.916,5.916
"Mozambique","Africa","MOZ","National","MOZt","Total",1.599,1.587,1.576,1.564,1.552,1.541,1.583,1.626,1.668,1.710,1.753,1.830,1.907,1.984,2.061,2.138,2.188,2.238,2.288,2.338,2.479,2.620,2.762,2.904,3.047,3.189,3.127,3.064,3.130,3.198,3.198,3.198
"Myanmar","Asia/Pacific","MMR","National","MMRt","Total",2.726,2.789,2.852,2.915,2.977,3.040,3.128,3.215,3.303,3.390,3.478,3.579,3.680,3.781,3.882,3.983,4.104,4.225,4.346,4.467,4.589,4.833,5.078,5.322,5.567,5.811,5.953,6.094,6.235,6.377,6.377,6.377
"Namibia","Africa","NAM","National","NAMt","Total",5.705,5.713,5.722,5.731,5.740,5.748,5.757,5.766,5.775,5.783,5.792,5.801,5.881,5.961,6.042,6.122,6.178,6.233,6.289,6.344,6.400,6.517,6.634,6.752,6.869,6.986,7.038,7.089,7.141,7.192,7.192,7.192
"Nepal","Asia/Pacific","NPL","National","NPLt","Total",2.347,2.398,2.449,2.500,2.551,2.602,2.632,2.663,2.693,2.723,2.753,2.853,2.920,2.987,3.054,3.121,3.187,3.254,3.321,3.388,3.455,3.521,3.765,4.009,4.252,4.496,4.652,4.809,4.965,5.122,5.122,5.122
"Netherlands","Europe","NLD","National","NLDt","Total",11.10,11.16,11.22,11.29,11.35,11.41,11.49,11.56,11.64,11.71,11.79,11.79,11.79,11.79,11.79,11.79,11.89,11.99,11.91,11.94,11.98,11.96,12.02,12.07,12.09,12.14,12.18,12.25,12.32,12.45,12.58,12.58
"New Zealand","Asia/Pacific","NZL","National","NZLt","Total",10.14,10.40,10.67,10.93,11.20,11.47,11.73,12.00,12.27,12.53,12.80,13.07,13.12,13.17,13.22,13.27,13.32,13.34,13.35,13.36,13.38,13.39,13.38,13.33,13.28,13.23,13.34,13.24,13.14,13.04,12.95,12.95
"Nicaragua","America","NIC","National","NICt","Total",4.090,4.184,4.278,4.372,4.466,4.560,4.664,4.768,4.872,4.976,5.080,5.156,5.232,5.308,5.384,5.460,5.568,5.676,5.784,5.892,6.000,6.136,6.272,6.408,6.544,6.680,6.796,6.912,7.028,7.144,7.144,7.144
"Niger","Africa","NER","National","NERt","Total",0.728,0.768,0.808,0.848,0.888,0.929,0.975,1.021,1.068,1.114,1.161,1.203,1.245,1.287,1.330,1.372,1.403,1.435,1.467,1.498,1.530,1.585,1.640,1.695,1.750,1.804,1.882,1.961,2.039,2.117,2.117,2.117
"Nigeria","Africa","NGA","National","NGAt","Total",,,,,,,,,,,,,,4.725,4.933,5.142,5.351,5.559,5.768,5.508,5.248,5.481,5.714,5.947,6.061,6.176,6.437,6.698,6.959,7.181,7.181,7.181
"North Macedonia","Europe","MKD","National","MKDt","Total",,,,,,,,,,,6.681,6.902,7.124,7.296,7.469,7.641,7.814,7.986,8.159,8.331,8.503,8.676,8.848,9.021,9.193,9.366,9.538,9.711,9.883,10.06,10.23,10.23
"Norway","Europe","NOR","National","NORt","Total",11.18,11.25,11.33,11.40,11.48,11.55,11.63,11.70,11.78,11.85,11.93,12.00,12.08,12.15,12.23,12.28,12.37,12.41,12.48,12.50,12.55,12.61,12.64,12.68,12.71,12.77,12.82,12.95,12.98,13.00,13.00,13.00
"Oman","Asia/Pacific","OMN","National","OMNt","Total",,,,,,,,,,,5.426,5.695,5.977,6.273,6.616,6.959,7.303,7.646,7.989,7.955,7.922,8.247,8.572,8.897,9.222,9.547,9.968,10.39,10.81,11.23,11.65,11.65
"Pakistan","Asia/Pacific","PAK","National","PAKt","Total",2.292,2.390,2.489,2.587,2.686,2.784,2.885,2.985,3.086,3.186,3.287,3.536,3.786,4.035,4.284,4.533,4.521,4.411,4.300,4.466,4.595,4.721,4.818,4.958,5.163,5.163,5.163,5.115,4.826,4.536,4.536,4.536
"Palestine","Asia/Pacific","PSE","National","PSEt","Total",,,,,,,,,,,,,,,7.528,7.631,7.735,7.913,8.014,8.306,8.363,8.575,8.852,8.874,8.914,9.076,9.156,9.275,9.524,9.731,9.938,9.938
"Panama","America","PAN","National","PANt","Total",7.407,7.454,7.501,7.549,7.596,7.643,7.690,7.737,7.784,7.831,7.878,8.018,8.158,8.298,8.438,8.577,8.717,8.857,8.997,9.137,9.276,9.417,9.557,9.698,9.838,9.979,10.12,10.26,10.40,10.54,10.54,10.54
"Papua New Guinea","Asia/Pacific","PNG","National","PNGt","Total",2.320,2.440,2.560,2.680,2.800,2.920,2.988,3.056,3.124,3.192,3.260,3.318,3.376,3.434,3.492,3.550,3.630,3.710,3.790,3.870,3.950,4.076,4.202,4.328,4.454,4.580,4.620,4.660,4.700,4.740,4.740,4.740
"Paraguay","America","PRY","National","PRYt","Total",5.684,5.782,5.881,5.983,6.084,6.185,6.286,6.387,6.488,6.589,6.690,6.791,6.892,6.993,7.170,7.347,7.070,7.153,7.389,6.974,7.241,7.509,7.776,8.290,8.248,8.524,8.351,8.469,8.586,8.811,8.862,8.862
"Peru","America","PER","National","PERt","Total",7.781,7.839,7.896,7.954,8.013,8.071,8.130,8.188,8.247,8.305,8.364,8.422,8.481,8.539,8.598,7.924,7.928,8.187,8.187,8.217,8.865,8.887,9.082,9.136,9.152,9.094,9.315,9.535,9.756,9.886,9.886,9.886
"Philippines","Asia/Pacific","PHL","National","PHLt","Total",7.179,7.218,7.257,7.295,7.334,7.373,7.412,7.451,7.490,7.528,7.567,7.836,8.105,8.374,8.643,8.660,8.677,8.694,8.711,8.813,8.915,8.992,9.069,9.146,8.971,8.796,8.621,8.446,8.708,8.969,8.969,8.969
"Poland","Europe","POL","National","POLt","Total",9.671,9.859,10.05,10.23,10.42,10.61,10.74,10.87,10.99,11.12,11.25,11.35,11.45,11.57,11.69,11.81,11.93,12.05,12.17,12.34,12.31,12.55,12.78,12.78,12.84,12.92,13.01,13.05,13.09,13.13,13.17,13.17
"Portugal","Europe","PRT","National","PRTt","Total",5.271,5.439,5.613,5.787,5.960,6.134,6.307,6.481,6.654,6.705,6.783,6.875,6.960,7.148,7.389,7.494,7.617,7.672,7.782,7.927,8.058,8.277,8.495,8.655,8.871,8.987,9.113,9.218,9.145,9.327,9.576,9.576
"Qatar","Asia/Pacific","QAT","National","QATt","Total",6.414,6.548,6.681,6.815,6.948,7.082,7.196,7.311,7.425,7.540,7.654,7.816,7.979,8.141,8.303,8.694,9.086,9.478,9.591,9.163,8.549,8.651,9.117,9.803,9.724,9.696,9.667,9.730,9.862,9.996,9.996,9.996
"Romania","Europe","ROU","National","ROUt","Total",8.498,8.594,8.692,8.790,8.889,8.988,9.086,9.185,9.283,9.382,9.480,9.579,9.678,9.860,10.04,10.23,10.41,10.59,10.68,10.70,10.73,10.86,10.96,11.02,10.86,10.98,11.08,11.15,11.21,11.28,11.28,11.28
"Russian Federation","Europe","RUS","National","RUSt","Total",9.652,9.841,10.03,10.22,10.41,10.60,10.89,11.18,11.47,11.77,12.06,12.12,12.18,12.21,12.24,12.27,12.30,12.33,12.36,12.38,12.41,12.42,12.44,12.48,12.49,12.53,12.56,12.72,12.72,12.77,12.77,12.77
"Rwanda","Africa","RWA","National","RWAt","Total",1.902,1.948,1.993,2.038,2.084,2.129,2.194,2.259,2.324,2.389,2.453,2.570,2.687,2.804,2.920,3.037,3.182,3.327,3.472,3.616,3.761,3.763,3.766,3.911,4.056,4.126,4.196,4.265,4.335,4.425,4.425,4.425
"Saint Kitts and Nevis","America","KNA","National","KNAt","Total",,,,,,,,,,,,,,,,7.188,7.315,7.444,7.576,7.710,7.846,7.984,8.123,8.261,8.400,8.400,8.400,8.400,8.500,8.663,8.663,8.663
"Saint Lucia","America","LCA","National","LCAt","Total",,,,,,,,,,,7.466,7.556,7.646,7.736,7.826,7.917,8.007,8.097,8.187,8.277,8.367,8.363,8.359,8.356,8.387,8.419,8.450,8.482,8.513,8.545,8.545,8.545
"Saint Vincent and the Grenadines","America","VCT","National","VCTt","Total",,,,,,,,,,,7.538,7.610,7.682,7.754,7.826,7.899,7.971,8.043,8.115,8.188,8.260,8.332,8.404,8.890,9.376,9.862,10.35,10.83,10.83,10.83,10.83,10.83
"Samoa","Asia/Pacific","WSM","National","WSMt","Total",10.13,10.20,10.27,10.34,10.41,10.48,10.55,10.62,10.70,10.77,10.84,10.92,11.00,11.07,11.15,11.22,11.30,11.38,11.45,11.53,11.60,11.68,11.65,11.62,11.59,11.56,11.53,11.50,11.47,11.43,11.40,11.40
"Sao Tome & Principe","Africa","STP","National","STPt","Total",4.301,4.345,4.390,4.436,4.482,4.528,4.575,4.623,4.670,4.719,4.768,4.818,4.869,4.919,4.970,5.020,5.070,5.121,5.171,5.222,5.272,5.323,5.373,5.424,5.474,5.622,5.771,5.919,6.067,6.216,6.216,6.216
"Saudi Arabia","Asia/Pacific","SAU","National","SAUt","Total",5.574,5.675,5.775,5.875,5.976,6.076,6.195,6.313,6.432,6.550,6.669,6.883,7.096,7.310,7.524,7.761,7.999,8.237,8.474,8.712,8.949,9.187,9.425,9.662,9.802,9.941,10.08,10.22,10.58,10.95,11.31,11.31
"Senegal","Africa","SEN","National","SENt","Total",1.998,1.972,1.947,1.922,1.896,1.871,1.840,1.809,1.778,1.747,1.716,1.649,1.582,1.515,1.447,1.380,1.540,1.709,1.879,2.048,2.217,2.386,2.584,2.782,2.795,2.807,2.819,2.831,2.884,2.938,2.938,2.938
"Serbia","Europe","SRB","National","SRBt","Total",6.295,6.432,6.568,6.704,6.840,6.976,7.068,7.160,7.252,7.344,7.436,7.566,7.695,8.119,8.543,8.966,9.390,9.814,10.24,10.31,10.37,10.57,10.57,10.57,10.72,11.02,11.13,11.16,11.27,11.37,11.37,11.37
"Sierra Leone","Africa","SLE","National","SLEt","Total",1.903,1.994,2.086,2.177,2.269,2.360,2.442,2.524,2.606,2.688,2.770,2.861,2.953,3.044,3.136,3.227,3.319,3.410,3.502,3.593,3.685,3.767,3.849,3.931,4.013,4.094,4.215,4.335,4.456,4.576,4.576,4.576
"Singapore","Asia/Pacific","SGP","National","SGPt","Total",6.363,6.661,6.959,7.256,7.554,7.852,8.123,8.393,8.664,8.935,9.205,9.476,9.747,10.02,10.29,10.56,10.44,10.54,10.80,10.81,11.18,11.25,11.25,11.38,11.44,11.57,11.59,11.55,11.74,11.85,11.93,11.93
"Slovakia","Europe","SVK","National","SVKt","Total",6.867,7.164,7.473,7.783,8.092,8.402,8.711,9.021,9.330,9.639,9.949,10.26,10.48,10.71,10.93,11.15,11.38,11.60,11.83,12.05,12.27,12.50,12.38,12.44,12.44,12.64,12.71,12.77,12.87,12.91,12.91,12.91
"Slovenia","Europe","SVN","National","SVNt","Total",7.189,7.508,7.840,8.173,8.505,8.838,9.170,9.503,9.835,10.17,10.50,10.83,11.17,11.50,11.83,11.69,11.81,11.75,11.91,12.03,12.06,12.21,12.28,12.38,12.43,12.57,12.67,12.70,12.75,12.80,12.80,12.80
"Solomon Islands","Asia/Pacific","SLB","National","SLBt","Total",,,,,,,,,,4.498,4.552,4.606,4.660,4.714,4.768,4.822,4.878,4.933,4.989,5.044,5.100,5.157,5.214,5.272,5.331,5.441,5.441,5.541,5.541,5.712,5.712,5.712
"Somalia","Africa","SOM","National","SOMt","Total",,,,,,,,,,,,,,,,,2.030,2.500,2.960,3.430,3.890,4.360,4.820,4.850,4.900,4.990,5.030,5.080,5.130,5.180,5.180,5.180
"South Africa","Africa","ZAF","National","ZAFt","Total",6.515,6.862,7.209,7.557,7.904,8.251,8.052,7.854,7.655,7.456,7.257,7.458,8.522,8.759,8.823,8.899,8.950,9.076,9.215,9.600,9.669,9.694,9.934,10.04,10.15,10.23,10.19,10.14,10.76,11.37,11.37,11.37
"South Korea","Asia/Pacific","KOR","National","KORt","Total",9.273,9.418,9.563,9.708,9.853,9.997,10.12,10.25,10.37,10.50,10.62,10.75,10.87,11.00,11.12,11.24,11.15,11.06,10.97,10.87,11.64,11.73,11.83,11.93,12.02,12.12,12.21,12.31,12.41,12.51,12.51,12.51
"South Sudan","Africa","SSD","National","SSDt","Total",,,,,,,,,,,,,,,,,,,,,5.726,5.726,5.726,5.726,5.726,5.726,5.726,5.726,5.726,5.726,5.726,5.726
"Spain","Europe","ESP","National","ESPt","Total",5.879,6.070,6.268,6.465,6.663,6.860,7.057,7.255,7.452,7.650,7.847,8.044,8.242,8.439,8.637,8.923,9.030,9.122,9.187,9.252,9.363,9.484,9.511,9.615,9.720,9.912,10.01,10.08,10.14,10.37,10.61,10.61
"Sri Lanka","Asia/Pacific","LKA","National","LKAt","Total",8.175,8.355,8.536,8.716,8.896,9.077,9.287,9.497,9.707,9.916,10.13,10.16,10.16,10.15,10.14,10.13,10.12,10.11,10.10,10.20,10.24,10.29,10.33,10.37,10.42,10.46,10.51,10.58,10.64,10.63,10.83,10.83
"Sudan","Africa","SDN","National","SDNt","Total",1.500,1.594,1.688,1.782,1.876,1.970,2.064,2.158,2.252,2.346,2.440,2.538,2.636,2.734,2.832,2.930,2.970,3.010,3.050,3.090,3.130,3.228,3.326,3.424,3.522,3.620,3.670,3.720,3.770,3.820,3.820,3.820
"Suriname","America","SUR","National","SURt","Total",,,,,,,,,,,,,,,7.714,7.884,8.053,8.223,8.393,8.563,8.732,8.902,9.072,9.172,9.272,9.373,9.473,9.573,9.673,9.777,9.777,9.777
"Sweden","Europe","SWE","National","SWEt","Total",9.554,9.707,10.02,10.21,10.36,10.53,10.71,10.90,11.08,11.26,11.45,11.63,11.81,12.00,12.18,12.26,12.33,12.40,12.07,12.14,12.21,12.28,12.34,12.23,12.30,12.35,12.41,12.49,12.55,12.61,12.61,12.61
"Switzerland","Europe","CHE","National","CHEt","Total",10.53,10.52,10.51,10.50,10.49,10.48,10.51,10.54,10.58,10.61,10.64,10.75,10.86,10.98,11.09,11.21,11.74,12.27,12.81,13.34,13.32,13.33,13.41,13.53,13.64,13.71,13.67,13.73,13.80,13.86,13.86,13.86
"Syria","Asia/Pacific","SYR","National","SYRt","Total",3.780,3.877,3.975,4.072,4.169,4.266,4.285,4.304,4.323,4.342,4.361,4.544,4.727,5.104,5.482,5.859,6.236,6.614,6.193,6.488,6.250,6.250,6.250,6.250,5.625,5.063,5.063,5.100,5.100,5.100,5.100,5.100
"Tajikistan","Asia/Pacific","TJK","National","TJKt","Total",9.307,9.499,9.692,9.884,10.08,10.27,10.38,10.48,10.59,10.70,10.80,10.84,10.88,10.91,10.95,10.99,11.02,11.06,11.10,11.13,11.17,11.20,11.24,11.28,11.31,11.35,11.39,11.42,11.38,11.33,11.33,11.33
"Tanzania","Africa","TZA","National","TZAt","Total",3.329,3.420,3.510,3.601,3.692,3.782,3.871,3.960,4.049,4.137,4.226,4.261,4.296,4.412,4.527,4.642,4.758,4.873,4.988,5.104,5.219,5.334,5.449,5.573,5.699,5.828,5.959,6.094,6.232,6.373,6.373,6.373
"Thailand","Asia/Pacific","THA","National","THAt","Total",4.508,4.625,4.743,4.861,4.978,5.096,5.209,5.322,5.435,5.548,5.661,6.045,6.428,6.812,7.196,7.082,6.967,7.128,7.289,7.450,7.612,7.711,7.810,7.909,8.045,8.180,8.316,8.344,8.372,8.697,8.697,8.697
"Timor Leste","Asia/Pacific","TLS","National","TLSt","Total",,,,,,,,,,,,,3.346,3.465,3.588,3.716,3.848,3.984,4.126,4.273,4.424,4.593,4.762,4.931,5.099,5.268,5.437,5.437,5.437,5.437,5.437,5.437
"Togo","Africa","TGO","National","TGOt","Total",2.784,2.885,2.985,3.086,3.187,3.287,3.371,3.455,3.539,3.622,3.706,3.753,3.799,3.846,3.892,3.939,3.958,3.976,3.995,4.014,3.828,3.643,3.860,4.077,4.294,4.510,4.637,4.764,4.890,5.017,5.017,5.017
"Tonga","Asia/Pacific","TON","National","TONt","Total",,9.303,9.488,9.673,9.857,10.04,10.03,10.03,10.04,10.04,10.05,10.05,10.05,10.06,10.06,10.07,10.07,10.24,10.41,10.58,10.75,10.92,11.00,11.09,11.18,11.27,11.30,11.33,11.36,11.39,11.39,11.39
"Trinidad & Tobago","America","TTO","National","TTOt","Total",7.252,7.421,7.591,7.760,7.929,8.098,8.268,8.437,8.606,8.775,8.944,9.114,9.283,9.452,9.621,9.791,9.960,10.13,10.30,10.30,10.47,10.64,10.76,10.88,10.99,11.12,11.24,11.36,11.49,11.61,11.61,11.61
"Tunisia","Africa","TUN","National","TUNt","Total",3.466,3.608,3.749,3.891,4.032,4.174,4.329,4.485,4.640,4.796,4.952,5.123,5.295,5.467,5.639,5.811,5.978,6.146,6.314,6.482,6.650,6.824,6.741,6.855,6.969,7.083,7.197,7.274,7.352,7.432,7.432,7.432
"Turkey","Asia/Pacific","TUR","National","TURt","Total",4.455,4.510,4.566,4.621,4.676,4.731,4.874,5.018,5.162,5.305,5.449,5.551,5.653,5.756,5.858,5.974,6.061,6.142,6.396,6.570,7.092,7.359,7.487,7.632,7.795,7.958,8.100,8.268,8.451,8.633,8.633,8.633
"Turkmenistan","Asia/Pacific","TKM","National","TKMt","Total",,,,,,,,,,,,,,,,,,,,,10.95,10.99,11.02,11.06,11.09,11.12,11.16,11.19,11.23,11.26,11.26,11.26
"Tuvalu","Asia/Pacific","TUV","National","TUVt","Total",7.130,7.243,7.358,7.473,7.588,7.703,7.817,7.932,8.047,8.162,8.277,8.391,8.506,8.621,8.736,8.851,8.966,9.080,9.195,9.310,9.425,9.540,9.655,9.769,9.884,9.999,10.11,10.23,10.34,10.46,10.57,10.57
"Uganda","Africa","UGA","National","UGAt","Total",3.176,3.251,3.328,3.405,3.482,3.559,3.635,3.712,3.789,3.866,3.943,4.020,4.097,4.272,4.448,4.624,4.799,4.975,5.151,5.522,5.893,5.509,5.125,5.253,5.381,5.508,5.564,5.620,5.675,5.731,5.731,5.731
"Ukraine","Europe","UKR","National","UKRt","Total",9.276,9.459,9.642,9.824,10.01,10.19,10.32,10.45,10.58,10.71,10.84,10.94,11.03,11.13,11.23,11.33,11.36,11.40,11.44,11.47,11.51,11.44,11.37,11.30,11.23,11.16,11.16,11.15,11.14,11.13,11.13,11.13
"United Arab Emirates","Asia/Pacific","ARE","National","AREt","Total",5.760,6.059,6.357,6.656,6.955,7.254,7.499,7.745,7.990,8.236,8.481,8.584,8.686,8.788,8.891,8.993,9.161,9.329,9.497,9.665,9.834,10.00,10.17,10.34,10.51,10.67,10.84,12.06,12.48,12.69,12.69,12.69
"United Kingdom","Europe","GBR","National","GBRt","Total",9.635,9.724,9.813,9.902,9.991,10.08,10.20,10.33,10.45,10.58,10.70,10.95,11.21,11.46,11.71,11.97,12.25,12.53,12.81,13.09,13.21,13.19,13.34,12.83,12.89,12.98,13.07,13.16,13.24,13.33,13.41,13.41
"United States","America","USA","National","USAt","Total",12.98,13.03,13.08,13.13,13.17,13.14,13.10,13.07,13.03,13.00,12.96,12.93,12.89,12.86,12.83,12.83,12.91,12.95,12.99,13.01,13.05,13.10,13.14,13.20,13.23,13.25,13.34,13.42,13.50,13.59,13.68,13.68
"Uruguay","America","URY","National","URYt","Total",7.151,7.189,7.228,7.266,7.304,7.342,7.466,7.678,7.890,8.102,8.314,8.526,8.738,8.949,8.631,8.313,7.995,8.184,8.372,8.372,8.327,8.404,8.479,8.524,8.614,8.669,8.704,8.831,8.907,8.983,8.983,8.983
"Uzbekistan","Asia/Pacific","UZB","National","UZBt","Total",,,,,,,,,,,10.05,10.14,10.23,10.32,10.41,10.50,10.59,10.69,10.78,10.88,10.97,11.07,11.17,11.27,11.34,11.36,11.67,11.72,11.78,11.90,11.90,11.90
"Vanuatu","Asia/Pacific","VUT","National","VUTt","Total",,,,,,,,,,,,,,,,6.504,6.540,6.576,6.581,6.648,6.684,6.721,6.757,6.793,6.793,6.793,6.680,6.760,6.840,7.065,7.065,7.065
"Venezuela","America","VEN","National","VENt","Total",5.339,5.474,5.610,5.746,5.882,6.018,6.154,6.289,6.425,6.561,6.697,6.833,6.969,7.104,7.240,7.376,7.512,7.990,8.138,8.253,8.688,9.122,9.252,9.382,9.511,9.641,10.31,10.57,10.84,11.11,11.11,11.11
"Vietnam","Asia/Pacific","VNM","National","VNMt","Total",4.101,4.239,4.376,4.514,4.651,4.788,4.959,5.130,5.301,5.471,5.642,5.854,6.067,6.279,6.491,6.704,6.914,7.124,7.335,7.545,7.627,7.710,7.793,7.875,7.958,8.040,8.123,8.205,8.288,8.370,8.370,8.370
"Yemen","Asia/Pacific","YEM","National","YEMt","Total",0.290,0.362,0.434,0.506,0.578,0.650,0.760,0.870,0.980,1.090,1.200,1.332,1.464,1.596,1.728,1.860,2.008,2.156,2.304,2.452,2.600,2.800,3.000,3.000,3.000,3.000,3.000,3.000,3.200,3.200,3.200,3.200
"Zambia","Africa","ZMB","National","ZMBt","Total",4.481,4.742,5.002,5.262,5.523,5.783,5.753,5.722,5.691,5.661,5.630,5.714,5.799,5.883,5.967,6.051,6.105,6.159,6.212,6.266,6.320,6.390,6.461,6.532,6.603,6.674,6.802,6.930,7.059,7.187,7.187,7.187
"Zimbabwe","Africa","ZWE","National","ZWEt","Total",5.022,5.167,5.317,5.470,5.624,5.778,5.932,6.085,6.239,6.393,6.547,6.700,6.854,6.956,7.057,7.159,7.260,7.362,7.463,7.565,7.666,7.768,7.869,7.991,8.112,8.229,8.345,8.462,8.585,8.711,8.711,8.711
